customer_id,age,gender,annual_income,spending_score,purchase_frequency,last_purchase_days,total_purchases,average_order_value,product_category,loyalty_years,customer_rating,churn_label,region
C001,56,Female,20661,30,11,303,106,132,Fashion,8,4.5,0,East
C002,69,Female,64843,13,10,246,103,235,Beauty,8,4.2,1,South
C003,46,Male,115673,34,17,208,43,590,Electronics,1,2.5,1,South
C004,32,Female,80963,4,9,237,98,397,Sports,9,1.9,1,South
C005,60,Female,133092,28,13,22,12,625,Beauty,0,3.9,0,North
C006,25,Female,62828,95,47,185,61,558,Fashion,1,2.2,0,South
C007,38,Male,68604,59,25,242,123,549,Food,4,1.7,1,South
C008,56,Male,30526,27,14,363,67,265,Beauty,3,4.1,0,West
C009,36,Male,88910,69,33,283,114,564,Electronics,3,2.3,0,East
C010,40,Female,45592,25,18,41,158,235,Fashion,8,4.7,0,North
C011,28,Female,48982,3,7,336,94,259,Fashion,10,4.4,1,West
C012,28,Female,20207,97,44,162,330,413,Fashion,7,4.4,0,North
C013,41,Male,120969,68,30,160,153,708,Sports,5,4.1,0,West
C014,70,Female,137181,25,17,89,32,607,Beauty,0,4.5,0,East
C015,53,Male,108733,20,11,322,34,491,Sports,1,4.2,1,West
C016,57,Male,118936,34,13,12,84,570,Electronics,5,3.4,0,North
C017,41,Male,144982,26,8,73,105,642,Electronics,10,2.2,0,South
C018,20,Female,145839,5,6,76,18,568,Food,1,4.6,0,South
C019,39,Male,88619,99,40,346,362,664,Electronics,9,4.4,0,East
C020,70,Female,49328,61,22,201,91,347,Food,4,2.9,1,North
C021,19,Female,66479,92,41,10,59,550,Fashion,1,1.2,0,North
C022,41,Male,128427,93,46,352,213,687,Food,4,3.6,1,North
C023,61,Female,40103,9,6,226,31,157,Food,5,1.2,1,East
C024,47,Male,59891,50,23,176,135,444,Fashion,5,4.7,0,South
C025,55,Male,30754,6,1,276,26,95,Electronics,5,4.8,1,West
C026,19,Male,119983,83,31,39,60,758,Fashion,1,1.8,0,East
C027,38,Male,101437,60,34,60,40,544,Fashion,1,3.7,0,West
C028,50,Female,118540,44,16,66,149,644,Food,9,1.4,0,South
C029,29,Male,92982,11,5,321,11,390,Sports,2,3.9,0,East
C030,39,Female,122747,66,25,124,144,672,Sports,5,2.4,0,South
C031,61,Female,75922,47,16,164,113,447,Beauty,7,3.7,0,West
C032,42,Female,68231,73,33,159,357,424,Fashion,10,2.5,0,North
C033,66,Female,49301,85,42,57,42,500,Electronics,0,1.6,0,North
C034,44,Female,111652,88,43,78,42,775,Fashion,0,2.6,0,West
C035,59,Male,140787,98,48,194,496,839,Sports,10,1.5,0,North
C036,45,Male,146823,86,39,285,51,871,Fashion,1,3.3,0,West
C037,33,Female,82711,3,4,15,67,378,Sports,10,1.2,0,East
C038,32,Female,61323,76,31,12,184,468,Fashion,5,3.1,0,East
C039,64,Male,38752,92,39,101,334,375,Beauty,8,4.5,0,East
C040,68,Female,117912,30,12,156,44,641,Beauty,3,4.4,1,North
C041,61,Male,102205,90,45,340,116,659,Electronics,2,4.5,1,South
C042,69,Female,118452,21,13,125,107,506,Fashion,7,4.7,0,North
C043,20,Male,33395,28,18,359,64,299,Food,2,1.4,0,North
C044,54,Male,105957,90,46,280,415,724,Fashion,9,1.5,0,South
C045,68,Male,141237,62,34,110,276,763,Fashion,8,3.2,0,South
C046,24,Female,76273,33,12,334,46,355,Food,3,4.6,0,South
C047,38,Female,147431,85,36,357,371,884,Electronics,10,4.9,0,South
C048,26,Male,111878,35,12,146,65,697,Food,4,1.2,1,North
C049,56,Female,24895,52,23,216,209,299,Food,8,2.4,0,West
C050,35,Male,139968,34,12,162,39,686,Electronics,1,1.9,1,East
C051,21,Female,135700,41,17,128,57,701,Fashion,2,4.0,0,West
C052,42,Male,96559,51,23,314,145,522,Fashion,6,3.6,0,North
C053,31,Male,30699,47,25,332,162,246,Sports,6,1.5,0,South
C054,67,Female,85061,82,40,150,221,568,Electronics,5,2.9,0,East
C055,26,Female,29715,58,28,36,147,264,Beauty,5,3.7,0,East
C056,43,Female,39169,75,39,173,51,364,Fashion,1,4.1,0,West
C057,70,Female,145436,57,27,22,258,734,Electronics,9,1.1,0,North
C058,19,Female,138413,23,17,206,19,610,Fashion,1,4.6,1,North
C059,37,Male,36163,48,22,127,80,275,Fashion,3,3.3,0,North
C060,45,Female,139264,22,9,336,31,635,Fashion,2,4.2,1,East
C061,64,Female,25782,17,11,356,114,158,Food,10,4.2,1,West
C062,24,Female,108177,69,37,217,162,648,Fashion,4,1.8,0,East
C063,61,Female,149772,11,9,96,23,708,Electronics,1,1.4,0,East
C064,25,Female,144481,94,44,164,38,863,Electronics,0,3.9,0,South
C065,64,Female,104328,15,4,148,47,572,Sports,10,1.6,1,West
C066,52,Male,135028,91,37,18,389,830,Food,10,4.4,0,South
C067,31,Female,55585,35,15,294,62,304,Fashion,4,3.9,1,North
C068,34,Male,50682,33,17,195,27,369,Sports,1,4.4,0,East
C069,53,Female,67864,84,41,151,59,519,Fashion,1,2.2,1,West
C070,67,Female,149992,16,10,365,89,528,Sports,6,2.3,0,North
C071,57,Male,104416,34,23,123,178,519,Fashion,7,3.7,1,West
C072,21,Female,75114,66,34,187,22,485,Electronics,0,1.1,1,East
C073,19,Female,147810,99,44,149,56,968,Beauty,1,3.9,0,West
C074,23,Female,58067,40,24,104,126,307,Fashion,5,4.3,0,North
C075,59,Female,62685,28,13,243,61,318,Sports,3,2.7,1,South
C076,21,Male,142262,47,22,231,53,773,Fashion,2,4.1,0,East
C077,46,Female,38073,39,20,206,30,289,Food,0,1.7,1,South
C078,35,Female,56035,70,34,198,341,425,Beauty,10,2.3,0,East
C079,43,Male,84977,73,29,337,196,521,Electronics,6,4.9,0,North
C080,61,Female,122710,20,8,87,19,568,Sports,0,4.9,0,East
C081,51,Male,110373,1,1,142,31,443,Food,10,3.1,0,South
C082,27,Male,103362,72,30,317,116,591,Food,3,4.7,0,East
C083,53,Female,110517,87,41,199,293,667,Fashion,7,3.1,0,North
C084,31,Female,85450,63,23,46,42,490,Beauty,1,2.2,0,East
C085,48,Male,30382,67,30,288,168,272,Electronics,5,2.1,1,South
C086,65,Female,24437,4,7,15,41,156,Fashion,5,4.7,0,North
C087,32,Male,90971,58,28,44,237,577,Beauty,8,1.7,1,South
C088,25,Male,84612,25,12,169,49,460,Sports,4,3.3,1,East
C089,31,Male,110355,47,19,310,194,582,Electronics,9,3.2,1,West
C090,40,Male,81929,38,24,44,95,429,Fashion,3,4.0,0,South
C091,57,Male,122411,15,10,98,66,523,Fashion,4,3.0,0,East
C092,38,Female,117518,63,27,261,256,710,Fashion,9,2.1,0,West
C093,33,Female,118864,21,12,109,127,447,Fashion,10,1.7,0,West
C094,62,Male,32329,99,48,283,207,400,Food,4,3.5,0,North
C095,35,Female,145605,57,20,343,152,709,Electronics,7,3.9,0,West
C096,64,Female,45169,53,19,104,198,407,Sports,9,3.3,0,South
C097,70,Male,107468,46,25,256,201,543,Sports,7,4.0,0,South
C098,41,Female,54594,14,15,206,16,178,Fashion,1,1.6,1,West
C099,43,Female,96957,100,40,335,255,698,Fashion,6,4.5,0,East
C100,42,Male,80631,76,38,43,270,532,Fashion,7,3.3,0,South
C101,62,Male,65033,17,5,353,63,283,Fashion,10,1.5,1,South
C102,58,Female,83133,39,14,245,93,416,Sports,5,2.8,0,North
C103,46,Female,93165,9,7,287,55,364,Fashion,4,4.4,0,East
C104,32,Male,93861,99,48,355,500,707,Food,10,4.6,1,West
C105,62,Female,72290,77,37,273,301,531,Fashion,8,2.1,0,East
C106,18,Female,114031,79,30,83,44,683,Fashion,0,3.8,0,North
C107,42,Female,51750,82,40,110,82,398,Electronics,2,1.4,0,North
C108,24,Female,115155,97,39,190,140,743,Electronics,3,1.1,0,East
C109,26,Female,60461,6,1,288,29,272,Electronics,3,3.2,0,North
C110,41,Male,93800,91,39,251,313,663,Fashion,8,3.8,0,North
C111,18,Male,98222,23,14,212,23,469,Beauty,0,4.2,1,North
C112,61,Female,132020,59,30,291,173,658,Sports,5,2.4,0,East
C113,25,Female,44226,91,37,133,265,329,Fashion,7,1.0,1,North
C114,41,Male,26721,98,41,201,269,490,Electronics,6,2.9,0,West
C115,28,Female,76154,46,19,285,206,377,Electronics,10,1.1,1,West
C116,68,Female,40609,38,15,326,29,178,Fashion,1,1.4,1,South
C117,34,Male,72130,14,7,95,43,337,Fashion,2,2.3,0,West
C118,25,Female,92909,100,46,278,49,586,Fashion,0,2.7,1,South
C119,52,Female,124211,72,33,325,267,672,Electronics,8,2.1,0,East
C120,52,Female,75249,62,29,219,189,514,Electronics,6,3.3,0,North
C121,50,Female,68895,35,19,89,12,469,Electronics,0,1.2,0,West
C122,22,Male,114473,19,16,72,55,534,Electronics,2,1.6,0,South
C123,59,Female,25656,30,17,247,80,170,Sports,3,3.8,0,East
C124,56,Male,144865,78,35,129,107,810,Electronics,3,1.6,0,South
C125,58,Male,94520,84,38,212,153,539,Fashion,4,3.6,1,North
C126,45,Female,83740,25,18,343,45,387,Food,2,1.2,1,West
C127,24,Male,84309,40,21,96,51,434,Beauty,2,2.6,0,East
C128,26,Male,49984,88,45,75,45,471,Beauty,0,1.7,0,South
C129,25,Female,138947,14,10,54,67,694,Sports,6,1.4,1,East
C130,29,Male,93822,26,19,344,193,356,Electronics,10,3.3,0,South
C131,51,Male,25901,87,41,54,395,344,Food,9,4.7,0,South
C132,50,Female,51552,22,12,218,24,180,Sports,0,1.2,1,North
C133,65,Female,111245,48,28,16,39,563,Electronics,1,2.7,0,North
C134,40,Male,51055,83,31,99,100,409,Fashion,3,3.8,0,South
C135,41,Female,57685,51,21,20,72,309,Beauty,3,2.9,0,West
C136,54,Female,93965,3,11,46,45,430,Fashion,4,4.2,0,East
C137,52,Female,34716,42,26,193,289,277,Electronics,10,1.7,0,East
C138,61,Female,134099,19,8,58,22,633,Electronics,1,4.8,0,North
C139,57,Female,31138,73,31,111,113,316,Fashion,3,2.5,0,West
C140,39,Female,55298,28,18,129,15,301,Electronics,0,2.4,1,South
C141,44,Female,71112,84,36,337,43,616,Food,1,4.5,0,North
C142,52,Female,43429,45,19,194,19,308,Sports,0,3.3,0,South
C143,18,Male,70200,71,27,340,20,534,Electronics,0,3.1,1,South
C144,52,Male,91308,78,34,326,332,568,Beauty,9,3.9,0,North
C145,54,Female,68244,63,30,8,272,497,Fashion,9,3.3,0,West
C146,64,Female,137217,73,34,29,106,740,Electronics,3,1.7,0,East
C147,31,Female,134055,19,11,112,54,498,Sports,3,3.7,0,North
C148,20,Male,121268,47,21,161,70,625,Sports,2,1.5,1,West
C149,18,Female,125441,14,4,131,19,520,Food,0,4.2,0,South
C150,22,Male,37347,38,19,188,20,182,Beauty,1,5.0,0,North
C151,43,Male,36920,53,29,163,300,316,Sports,10,2.5,0,East
C152,31,Female,51822,61,33,197,349,345,Beauty,10,2.8,0,East
C153,56,Female,66659,36,16,364,143,529,Fashion,8,1.2,1,South
C154,44,Female,60108,40,19,204,162,287,Sports,8,1.1,1,North
C155,26,Female,148955,81,39,212,175,778,Beauty,4,4.7,0,East
C156,32,Male,109099,30,17,109,165,569,Sports,9,1.5,1,North
C157,32,Female,27967,9,8,276,28,132,Electronics,0,2.8,1,East
C158,43,Male,130719,64,25,73,28,757,Fashion,0,4.3,0,South
C159,59,Female,31871,33,22,167,119,245,Food,5,4.6,0,South
C160,30,Female,114299,52,29,260,44,584,Electronics,1,3.1,1,North
C161,68,Female,97452,89,39,243,300,587,Beauty,7,3.3,0,West
C162,49,Female,94270,14,3,275,52,472,Electronics,8,3.7,0,West
C163,56,Female,53613,75,28,102,101,375,Electronics,3,4.8,0,South
C164,66,Female,48179,53,25,173,114,379,Beauty,4,3.4,0,East
C165,69,Male,140465,99,46,171,487,904,Fashion,10,3.2,0,West
C166,49,Male,72188,59,29,141,221,459,Electronics,7,1.1,1,South
C167,21,Male,75099,78,35,188,96,519,Food,2,1.3,0,East
C168,47,Male,55262,94,44,86,178,453,Food,4,3.3,0,East
C169,54,Female,98213,41,18,52,40,538,Electronics,2,4.7,0,West
C170,40,Female,137407,68,32,111,306,601,Beauty,9,4.5,0,South
C171,56,Male,38268,68,26,365,59,392,Fashion,2,4.9,0,East
C172,62,Male,97866,92,42,342,97,673,Food,2,3.1,0,East
C173,32,Male,106269,8,6,43,51,437,Fashion,6,4.2,0,North
C174,60,Female,80545,2,10,211,85,340,Food,6,4.4,0,North
C175,46,Female,123483,86,40,200,263,683,Fashion,6,3.6,0,West
C176,53,Male,112822,41,15,298,163,453,Fashion,9,2.4,0,North
C177,30,Female,92146,55,22,346,176,557,Fashion,7,2.9,0,South
C178,49,Female,91966,16,15,240,86,481,Sports,4,4.4,0,West
C179,24,Male,59922,93,42,115,169,431,Electronics,4,2.2,0,West
C180,68,Female,99364,62,22,26,77,530,Food,3,4.7,0,North
C181,39,Female,62913,48,26,299,166,433,Sports,6,1.9,1,East
C182,45,Male,117033,30,16,77,169,576,Electronics,9,4.0,0,South
C183,19,Male,124792,12,8,137,13,683,Electronics,1,3.5,0,South
C184,59,Male,139425,35,24,20,40,716,Fashion,1,4.0,0,South
C185,62,Male,75677,11,2,211,17,377,Food,3,2.7,0,West
C186,70,Female,122154,64,31,240,238,642,Electronics,7,4.7,0,South
C187,23,Female,69841,50,25,39,18,455,Fashion,0,3.5,0,East
C188,45,Male,66332,85,35,268,79,595,Food,2,2.2,0,East
C189,45,Male,112062,21,15,207,103,503,Food,6,3.6,0,North
C190,61,Male,139863,69,35,267,304,760,Fashion,8,2.1,0,South
C191,61,Male,115694,48,21,154,218,613,Fashion,10,2.2,0,West
C192,37,Female,45032,20,7,42,35,206,Sports,3,2.6,0,North
C193,47,Male,57846,67,36,11,348,445,Beauty,9,4.4,0,East
C194,28,Male,79474,44,23,294,47,462,Beauty,2,3.0,1,South
C195,45,Male,64936,33,22,98,105,432,Food,4,3.7,0,East
C196,42,Female,49794,73,38,275,43,408,Fashion,0,2.6,1,North
C197,56,Male,81588,61,27,230,59,543,Fashion,2,2.1,0,East
C198,50,Female,90984,9,3,220,46,382,Electronics,7,4.8,0,South
C199,18,Male,70331,68,36,65,20,517,Electronics,0,3.4,0,South
C200,44,Female,114397,35,18,355,205,550,Food,10,4.7,0,North
C201,69,Female,48141,81,38,232,294,464,Fashion,7,1.8,0,South
C202,30,Male,29074,98,39,328,141,446,Fashion,3,1.6,1,East
C203,58,Male,26406,88,34,52,43,316,Beauty,1,4.4,0,East
C204,20,Female,117359,96,42,263,25,812,Electronics,0,3.7,0,West
C205,56,Female,143279,65,30,267,227,759,Electronics,7,1.7,1,West
C206,23,Male,43291,8,4,359,21,173,Electronics,1,2.1,1,West
C207,25,Female,61568,45,26,317,99,345,Food,3,4.2,0,East
C208,44,Female,117539,87,40,324,98,746,Food,2,2.8,0,East
C209,26,Female,66851,47,23,154,39,408,Fashion,1,3.7,0,North
C210,54,Male,119942,40,26,358,216,618,Fashion,8,2.3,1,West
C211,50,Female,74823,76,40,140,46,546,Sports,0,2.5,0,East
C212,68,Male,43312,54,19,51,125,365,Sports,6,5.0,0,North
C213,59,Female,63108,76,28,117,133,619,Beauty,4,2.0,0,East
C214,61,Male,86918,46,20,46,161,487,Sports,7,3.0,0,North
C215,41,Male,54171,47,21,309,81,320,Food,3,4.4,0,West
C216,32,Male,61779,15,6,88,59,191,Electronics,6,2.0,0,West
C217,49,Female,88828,19,17,208,97,352,Electronics,4,2.7,0,West
C218,49,Male,127315,26,16,269,88,649,Electronics,4,3.5,1,East
C219,41,Male,118723,52,29,89,242,666,Food,8,2.9,0,East
C220,58,Male,32411,93,44,118,365,341,Sports,8,2.8,0,North
C221,69,Female,122821,22,11,54,105,680,Fashion,8,2.5,0,South
C222,66,Female,137990,21,9,116,63,631,Electronics,5,3.3,0,South
C223,66,Male,77009,51,29,118,155,484,Fashion,5,3.5,0,West
C224,69,Female,35422,38,19,260,92,367,Beauty,4,3.6,0,South
C225,29,Female,62468,20,13,75,124,396,Food,8,1.3,0,West
C226,56,Female,52371,29,17,305,158,335,Sports,9,3.5,0,North
C227,19,Male,77022,51,30,7,43,502,Sports,1,4.8,0,South
C228,20,Male,91229,4,9,122,36,423,Beauty,2,3.2,0,South
C229,66,Male,119071,55,25,11,167,629,Sports,6,3.9,0,West
C230,54,Male,71196,71,31,348,164,512,Sports,5,3.2,1,North
C231,66,Male,100354,92,41,215,178,706,Electronics,4,4.4,0,South
C232,34,Female,116774,28,20,279,77,544,Electronics,3,4.7,0,South
C233,66,Male,116410,4,3,28,35,429,Fashion,2,1.7,0,South
C234,19,Male,46715,22,8,235,12,239,Electronics,1,2.7,1,North
C235,19,Female,47605,76,39,313,37,369,Beauty,0,2.6,0,North
C236,45,Male,119853,45,18,26,117,617,Fashion,5,2.6,0,South
C237,40,Female,51174,67,36,54,128,316,Beauty,3,1.5,0,West
C238,54,Female,29956,86,37,29,209,394,Fashion,5,4.3,0,West
C239,49,Male,124444,66,25,353,74,614,Fashion,2,1.1,1,South
C240,50,Female,96373,88,38,164,129,629,Beauty,3,3.1,0,North
C241,18,Female,89252,34,23,270,22,484,Fashion,0,3.6,0,South
C242,36,Female,81949,91,39,334,324,640,Fashion,8,1.8,1,North
C243,19,Female,82646,55,27,35,22,529,Electronics,0,4.6,0,South
C244,70,Female,90017,1,4,286,37,379,Food,6,4.4,1,North
C245,61,Female,83037,72,33,348,312,492,Fashion,9,2.9,1,East
C246,43,Male,109818,87,40,273,67,749,Food,1,2.6,0,West
C247,49,Male,26548,38,18,208,87,165,Food,4,1.9,1,East
C248,23,Male,136981,6,2,238,29,620,Sports,0,3.9,1,West
C249,49,Female,123141,86,41,93,415,781,Sports,10,1.5,0,North
C250,21,Male,93294,25,10,173,43,516,Fashion,2,3.7,0,East
C251,28,Female,129204,82,40,79,339,764,Fashion,8,4.4,0,West
C252,34,Female,43177,17,15,110,176,182,Sports,10,1.9,0,South
C253,55,Female,44022,61,22,217,130,294,Fashion,5,4.5,0,North
C254,41,Female,126297,12,12,358,62,482,Fashion,3,1.1,0,North
C255,22,Female,140695,6,12,106,73,498,Fashion,4,4.7,0,South
C256,69,Female,25542,90,38,47,216,419,Beauty,5,1.5,0,South
C257,51,Male,111012,27,11,181,70,578,Fashion,4,3.6,0,West
C258,23,Female,116320,8,9,64,18,516,Fashion,0,2.0,0,North
C259,39,Male,80428,83,39,246,418,569,Food,10,4.3,0,West
C260,28,Male,42740,65,28,244,185,469,Food,6,3.0,1,South
C261,65,Female,79353,57,29,320,279,483,Electronics,9,1.5,1,North
C262,33,Female,110353,93,38,87,363,731,Fashion,9,3.3,1,South
C263,50,Male,133132,99,43,217,433,827,Sports,10,2.6,0,West
C264,26,Female,76532,40,19,7,21,409,Beauty,1,3.6,0,West
C265,23,Female,36052,14,6,278,31,217,Food,5,4.5,0,West
C266,33,Female,120689,35,24,337,202,556,Fashion,8,2.6,1,North
C267,46,Female,67076,48,29,210,33,377,Electronics,0,2.2,1,South
C268,20,Female,73420,84,40,169,97,579,Beauty,2,1.1,1,South
C269,37,Female,20671,56,21,330,201,225,Sports,9,3.3,1,West
C270,53,Female,20163,49,17,138,86,234,Electronics,5,2.6,1,West
C271,36,Female,61424,13,6,306,60,267,Electronics,8,2.5,1,West
C272,43,Female,129538,61,25,230,29,700,Sports,0,1.7,0,West
C273,20,Female,73744,49,29,308,82,408,Fashion,2,2.7,1,East
C274,36,Male,90331,46,16,161,131,467,Fashion,8,4.9,0,East
C275,37,Male,30634,62,27,1,281,267,Electronics,10,2.2,0,East
C276,49,Male,24798,8,4,236,33,165,Fashion,4,3.4,0,West
C277,24,Male,42420,43,15,188,83,307,Fashion,4,4.1,0,West
C278,69,Female,137043,20,6,4,56,654,Sports,5,4.0,0,South
C279,58,Female,140575,97,48,132,27,904,Fashion,0,2.3,0,North
C280,50,Female,147158,90,34,218,25,835,Fashion,0,3.4,1,South
C281,57,Male,49300,39,20,260,180,358,Fashion,8,4.5,0,East
C282,56,Female,109881,85,41,1,86,693,Fashion,2,1.1,0,South
C283,35,Female,30749,49,24,71,93,262,Electronics,3,2.7,0,West
C284,57,Female,124131,64,24,178,34,751,Fashion,0,1.9,1,East
C285,18,Female,45121,62,32,189,23,394,Sports,0,2.6,0,East
C286,28,Female,148563,54,31,291,262,738,Electronics,8,2.7,1,North
C287,45,Male,57487,9,7,8,63,281,Electronics,7,4.0,0,North
C288,42,Female,113947,88,40,253,44,656,Electronics,1,1.4,0,East
C289,67,Male,53361,37,19,292,149,336,Fashion,7,3.1,0,East
C290,40,Male,41223,49,27,244,186,236,Beauty,6,3.3,0,South
C291,48,Female,92930,41,23,123,259,445,Electronics,10,3.0,0,East
C292,47,Male,34056,17,14,299,92,216,Beauty,5,3.9,1,West
C293,59,Female,48380,88,45,283,23,324,Electronics,0,2.5,0,South
C294,52,Male,46035,21,12,32,89,337,Sports,6,4.8,0,West
C295,24,Female,50620,51,22,334,47,397,Fashion,1,2.9,1,West
C296,33,Male,39877,59,21,146,136,244,Food,6,3.3,0,West
C297,43,Female,145481,39,24,156,214,818,Fashion,8,4.3,0,East
C298,65,Female,75316,55,28,16,30,599,Fashion,0,2.1,0,North
C299,69,Male,84041,41,26,355,42,450,Sports,1,1.3,1,North
C300,66,Female,128940,39,19,47,216,586,Sports,10,3.8,0,West
C301,19,Female,137360,13,4,251,10,672,Fashion,0,2.9,1,East
C302,18,Male,73352,64,28,187,43,468,Electronics,0,4.6,0,South
C303,65,Male,50911,11,3,31,31,244,Electronics,8,4.9,0,West
C304,29,Female,52784,19,5,260,53,329,Sports,5,2.6,0,South
C305,22,Female,23191,11,8,17,30,118,Fashion,3,2.7,0,South
C306,54,Female,53160,77,40,39,136,431,Fashion,3,2.6,0,East
C307,49,Female,110536,46,17,304,88,516,Food,4,2.3,1,East
C308,26,Male,124576,45,28,39,72,601,Beauty,2,4.1,0,North
C309,58,Male,84641,1,1,132,7,328,Food,0,4.0,0,North
C310,52,Female,69723,40,26,30,22,336,Sports,0,2.9,0,East
C311,36,Male,23631,19,15,158,104,94,Sports,6,1.2,1,West
C312,65,Male,26172,76,32,278,27,334,Fashion,0,2.2,0,North
C313,33,Female,62080,72,30,203,41,371,Fashion,0,2.2,1,South
C314,20,Female,109097,72,32,66,90,608,Sports,2,4.2,0,West
C315,37,Female,110353,61,22,108,212,721,Fashion,9,1.4,0,South
C316,41,Female,40281,12,9,268,34,179,Beauty,3,4.2,0,East
C317,50,Female,48671,61,24,222,73,354,Electronics,3,3.7,0,South
C318,41,Female,142811,33,14,292,40,652,Electronics,1,3.9,1,West
C319,69,Female,71431,45,24,18,37,404,Beauty,0,2.7,0,East
C320,28,Male,110900,90,37,90,87,742,Food,2,3.7,0,West
C321,66,Male,142139,92,43,181,450,869,Fashion,10,3.4,0,South
C322,25,Female,127210,69,36,255,111,696,Sports,3,4.1,0,West
C323,53,Female,147734,8,5,253,30,604,Food,2,2.8,0,East
C324,55,Male,112961,25,14,257,102,592,Fashion,7,2.9,0,South
C325,57,Male,135463,91,37,346,362,739,Electronics,9,3.6,0,South
C326,37,Male,48602,46,16,87,34,329,Sports,0,1.4,0,North
C327,52,Male,108789,87,40,90,51,702,Beauty,1,2.7,0,North
C328,65,Female,71399,30,13,237,80,336,Electronics,6,4.9,0,West
C329,42,Male,43472,47,24,70,86,309,Beauty,3,1.2,0,North
C330,52,Female,69230,87,37,44,271,492,Beauty,7,2.3,0,North
C331,42,Female,93616,49,17,200,187,553,Fashion,10,2.3,1,North
C332,46,Female,27099,47,27,152,66,182,Food,2,3.5,0,North
C333,35,Female,138614,84,33,86,191,859,Fashion,5,1.4,0,East
C334,63,Male,45431,82,40,19,332,424,Fashion,8,3.5,0,East
C335,35,Female,76492,18,6,101,4,337,Sports,0,1.4,1,North
C336,19,Male,116722,66,32,95,29,614,Beauty,0,1.4,0,West
C337,52,Male,67684,68,36,254,266,526,Food,7,3.9,0,East
C338,33,Female,50111,94,35,357,94,449,Fashion,2,2.3,0,North
C339,58,Male,125387,33,23,30,94,542,Electronics,4,4.9,0,East
C340,53,Male,83936,36,20,249,22,496,Electronics,0,1.1,1,South
C341,50,Female,42614,82,38,33,178,371,Fashion,4,2.8,0,East
C342,21,Male,112260,19,12,229,45,501,Electronics,2,1.5,1,East
C343,50,Female,61991,28,16,12,108,372,Food,5,2.4,0,West
C344,31,Male,90476,40,24,118,184,489,Fashion,7,5.0,0,East
C345,38,Female,137959,84,42,350,88,890,Sports,2,4.6,0,West
C346,65,Female,80920,97,36,155,80,572,Fashion,2,1.2,1,South
C347,37,Female,114294,76,38,246,382,674,Food,10,3.3,1,North
C348,25,Female,83530,15,11,332,32,372,Fashion,2,3.6,1,West
C349,24,Male,56224,41,23,247,32,378,Electronics,1,1.8,1,East
C350,20,Female,27788,39,15,29,30,292,Electronics,0,1.6,1,East
C351,34,Male,48082,2,8,161,39,202,Fashion,3,4.6,0,West
C352,50,Female,143287,63,29,235,100,755,Beauty,3,4.9,0,South
C353,65,Male,109570,29,19,190,137,451,Electronics,6,5.0,0,North
C354,29,Female,121015,74,27,117,44,711,Sports,1,4.2,1,East
C355,68,Male,96816,66,24,271,184,552,Beauty,7,3.7,0,South
C356,39,Female,103588,51,27,258,163,598,Sports,5,2.4,1,North
C357,39,Female,36531,75,40,180,82,350,Electronics,2,1.7,0,North
C358,63,Female,108340,77,32,172,276,652,Beauty,8,1.3,0,East
C359,47,Male,114439,10,6,274,44,414,Electronics,4,3.8,0,West
C360,55,Female,64857,14,10,259,97,210,Fashion,7,4.1,1,East
C361,55,Male,30142,82,36,135,230,459,Beauty,6,4.3,0,East
C362,62,Male,135053,51,25,171,178,699,Food,7,4.7,0,East
C363,68,Male,68355,73,32,210,215,512,Fashion,6,4.5,0,South
C364,25,Male,29866,39,18,236,48,190,Fashion,2,5.0,0,West
C365,44,Female,90067,28,10,186,18,488,Fashion,1,2.0,1,South
C366,44,Female,130990,3,4,364,26,567,Fashion,6,4.1,0,East
C367,51,Male,123634,84,35,95,74,706,Fashion,2,3.3,0,West
C368,38,Male,123814,70,38,11,90,652,Beauty,2,2.0,0,North
C369,47,Male,145426,27,10,68,26,626,Beauty,1,4.9,0,West
C370,50,Male,84027,2,3,210,28,340,Beauty,3,4.6,1,East
C371,45,Female,77906,93,42,196,296,598,Fashion,7,1.5,1,West
C372,64,Male,48138,38,21,98,22,308,Food,0,1.1,0,North
C373,50,Male,112601,3,1,93,29,524,Beauty,0,3.8,0,North
C374,22,Male,49956,16,6,22,32,212,Beauty,3,3.4,0,West
C375,65,Female,127268,94,37,172,154,736,Fashion,4,4.7,0,North
C376,36,Female,124797,40,24,134,253,619,Electronics,10,1.9,0,South
C377,21,Female,144917,2,5,25,6,501,Electronics,0,1.3,0,West
C378,52,Female,146303,81,30,185,322,862,Food,10,2.0,0,North
C379,66,Female,96295,41,18,85,27,513,Food,0,1.1,0,North
C380,34,Male,25439,12,4,55,32,120,Sports,5,1.1,0,West
C381,61,Female,67241,35,13,251,26,354,Fashion,0,4.7,0,South
C382,45,Female,62533,65,31,144,151,490,Electronics,4,2.4,0,West
C383,47,Female,48270,55,22,351,198,401,Fashion,8,2.6,0,North
C384,46,Female,98815,45,22,167,109,517,Fashion,4,1.1,0,West
C385,63,Female,59279,79,40,224,219,503,Electronics,5,2.1,0,North
C386,70,Female,129787,90,44,220,316,832,Food,7,4.2,0,East
C387,23,Female,43888,85,32,179,71,447,Fashion,2,3.5,0,West
C388,52,Female,37630,62,27,119,29,326,Sports,0,4.0,0,West
C389,58,Female,81063,49,19,265,38,490,Fashion,1,2.8,1,North
C390,54,Female,138527,95,43,150,350,787,Fashion,8,2.2,0,North
C391,41,Male,143239,25,13,215,46,651,Fashion,2,2.9,1,North
C392,46,Female,147896,23,18,197,117,648,Beauty,5,2.3,0,North
C393,66,Male,55144,24,8,42,53,273,Electronics,4,4.4,0,West
C394,63,Female,72161,38,18,53,191,316,Sports,10,2.2,0,North
C395,70,Female,116718,28,15,330,20,499,Fashion,1,3.6,1,West
C396,48,Female,145873,21,10,251,76,622,Beauty,6,1.5,1,South
C397,52,Male,111074,54,21,295,70,651,Sports,3,3.7,1,West
C398,50,Male,97360,18,8,271,31,457,Fashion,0,4.7,1,North
C399,69,Male,70979,36,15,123,50,438,Food,3,3.4,0,North
C400,38,Female,117661,99,42,339,221,829,Electronics,5,3.2,0,South
C401,49,Male,26979,45,25,266,165,259,Beauty,6,4.8,0,West
C402,40,Male,46189,73,27,348,165,410,Fashion,6,3.5,1,South
C403,50,Male,62600,53,29,29,200,360,Fashion,6,2.0,0,West
C404,20,Female,79560,30,13,35,31,507,Sports,2,2.2,0,North
C405,35,Female,98040,60,31,6,178,501,Sports,5,3.8,0,West
C406,42,Male,143257,98,49,111,364,872,Electronics,7,3.9,0,North
C407,59,Male,81558,32,13,294,44,463,Food,3,2.2,1,North
C408,48,Female,106205,67,33,77,240,668,Fashion,7,2.4,0,East
C409,20,Female,26910,67,24,349,39,250,Fashion,1,5.0,0,East
C410,57,Female,77713,28,17,147,156,373,Food,9,1.4,1,West
C411,63,Male,66857,44,18,67,173,359,Fashion,8,2.6,0,North
C412,41,Female,54964,79,35,8,286,357,Fashion,8,1.2,0,South
C413,67,Female,105667,41,25,122,192,552,Sports,7,4.3,0,North
C414,49,Female,45227,63,25,340,251,334,Electronics,9,1.4,1,South
C415,64,Female,25978,23,16,175,165,248,Food,9,3.7,0,West
C416,39,Male,107527,75,39,179,27,685,Electronics,0,1.2,0,West
C417,40,Male,37153,48,19,85,40,294,Electronics,1,3.7,1,South
C418,19,Female,79765,32,17,45,42,391,Electronics,1,4.4,0,South
C419,44,Female,119084,57,27,136,254,653,Food,9,2.6,0,North
C420,59,Female,128212,100,48,343,198,800,Sports,4,3.1,1,West
C421,19,Female,59071,33,22,16,30,338,Electronics,1,2.6,0,North
C422,43,Female,132990,24,7,333,66,699,Electronics,8,2.2,1,South
C423,34,Female,89519,39,22,195,112,421,Beauty,4,4.2,0,East
C424,57,Male,29503,34,12,9,41,211,Electronics,1,2.1,0,East
C425,50,Female,80703,56,27,316,246,526,Beauty,9,3.9,0,East
C426,26,Male,84379,28,9,334,50,401,Electronics,3,1.8,1,South
C427,60,Male,115457,37,23,333,198,651,Sports,8,2.0,0,North
C428,65,Female,77866,7,7,327,26,366,Fashion,0,2.3,1,West
C429,56,Male,36905,68,32,15,334,315,Beauty,10,3.4,0,South
C430,46,Male,65838,37,13,327,16,384,Sports,0,2.8,1,East
C431,59,Male,145200,56,23,102,150,713,Fashion,6,4.0,0,North
C432,43,Female,78279,65,29,226,296,468,Electronics,10,1.9,0,West
C433,52,Male,109489,65,35,278,82,625,Sports,2,1.0,0,West
C434,67,Male,46806,47,26,113,257,391,Food,9,4.1,0,South
C435,42,Male,65000,20,14,1,28,357,Electronics,1,4.3,0,South
C436,41,Male,42168,19,12,266,98,224,Electronics,8,1.2,1,West
C437,30,Male,90119,29,20,208,49,486,Sports,2,3.4,0,West
C438,24,Male,58714,74,34,110,44,470,Fashion,1,2.5,0,East
C439,53,Female,74093,60,28,200,222,417,Food,7,4.2,0,West
C440,62,Male,75419,18,17,306,170,348,Fashion,9,4.5,0,South
C441,37,Male,69145,92,42,12,227,548,Beauty,5,4.4,0,North
C442,18,Male,125432,35,13,345,9,644,Beauty,0,4.1,1,East
C443,25,Male,97425,43,17,188,104,490,Beauty,5,2.1,1,East
C444,63,Female,112949,95,45,154,406,691,Electronics,9,4.2,0,West
C445,33,Female,97811,91,41,334,422,661,Beauty,10,3.1,0,North
C446,31,Male,22461,11,7,279,49,90,Fashion,6,1.2,0,East
C447,29,Male,34291,49,26,171,160,267,Food,6,2.8,0,South
C448,68,Male,66804,38,21,134,220,377,Fashion,10,4.8,0,West
C449,40,Female,96971,64,32,25,173,560,Electronics,5,4.6,0,South
C450,32,Female,113471,69,28,18,86,709,Beauty,3,1.4,0,West
C451,45,Female,84946,8,8,190,90,434,Electronics,10,4.0,0,East
C452,51,Male,118989,34,20,141,181,621,Food,8,4.2,0,West
C453,19,Female,104080,48,19,43,41,471,Sports,1,2.1,0,North
C454,49,Male,141719,56,22,334,91,702,Sports,3,2.9,1,South
C455,40,Male,81332,76,35,284,74,544,Electronics,2,3.8,1,North
C456,39,Male,97794,65,28,146,102,493,Fashion,3,2.8,1,South
C457,68,Male,50841,31,12,315,29,252,Sports,2,1.5,1,South
C458,42,Female,144447,4,8,319,27,580,Fashion,1,3.8,1,West
C459,39,Female,140029,50,28,92,114,687,Fashion,4,4.6,0,East
C460,39,Male,68758,69,25,179,37,482,Fashion,1,3.6,1,East
C461,66,Female,134726,30,12,56,77,559,Fashion,5,4.1,0,North
C462,69,Female,96272,88,44,155,98,626,Beauty,2,2.4,0,West
C463,59,Female,57643,59,29,160,147,415,Fashion,5,1.7,1,East
C464,23,Female,70408,67,28,111,62,483,Food,2,3.6,0,South
C465,32,Female,63950,75,39,137,359,503,Fashion,9,2.3,0,South
C466,60,Female,76849,45,25,232,229,461,Fashion,8,4.4,0,West
C467,54,Female,120500,4,1,220,19,473,Electronics,0,1.5,0,North
C468,50,Male,48044,26,14,68,81,276,Fashion,5,2.7,0,West
C469,25,Male,125469,27,9,302,29,542,Fashion,0,2.6,1,North
C470,70,Female,145588,46,19,249,202,706,Food,10,4.8,0,West
C471,61,Male,35997,64,34,323,111,283,Fashion,3,1.6,1,South
C472,61,Female,99751,91,40,6,402,725,Fashion,10,1.0,0,West
C473,22,Male,118605,51,21,280,71,613,Fashion,3,2.0,1,East
C474,56,Male,43911,50,24,94,50,378,Electronics,1,4.3,0,East
C475,21,Male,75533,6,6,269,14,335,Beauty,0,1.8,1,West
C476,23,Male,102566,59,21,197,91,542,Fashion,3,2.0,1,North
C477,62,Female,114870,15,9,25,25,517,Electronics,0,1.5,0,North
C478,49,Female,34571,30,18,148,40,268,Electronics,2,3.9,0,South
C479,69,Female,128255,42,15,118,145,635,Beauty,9,1.3,0,South
C480,47,Female,149226,37,14,338,133,711,Electronics,8,2.3,1,North
C481,64,Male,114463,42,23,338,227,556,Sports,9,2.1,0,West
C482,52,Female,77941,35,16,66,80,417,Electronics,4,3.2,0,South
C483,57,Female,78005,87,40,301,408,584,Beauty,10,3.9,0,North
C484,69,Female,106250,6,3,175,19,414,Beauty,5,3.1,0,North
C485,33,Male,78712,68,25,319,79,464,Food,2,4.7,1,West
C486,30,Female,63541,18,8,76,42,372,Electronics,4,4.8,0,East
C487,67,Female,43387,73,32,114,332,422,Fashion,10,2.4,0,North
C488,59,Female,113980,29,13,111,120,515,Fashion,7,4.1,0,South
C489,47,Female,68908,77,40,249,214,517,Fashion,5,4.0,0,West
C490,36,Male,105457,59,21,203,79,524,Fashion,3,4.6,0,West
C491,34,Female,33057,47,19,147,41,174,Electronics,1,2.8,1,West
C492,36,Female,84028,17,9,35,90,441,Food,8,3.1,0,East
C493,45,Male,130804,96,48,309,45,822,Fashion,0,2.7,1,East
C494,43,Female,139246,22,15,26,29,620,Fashion,0,4.4,0,South
C495,54,Female,75731,68,34,238,123,518,Electronics,3,1.9,1,South
C496,43,Male,44858,69,28,14,180,547,Beauty,6,2.0,0,West
C497,70,Male,68689,37,20,45,28,429,Fashion,0,2.5,0,South
C498,40,Male,64638,49,21,216,175,353,Sports,8,1.9,0,North
C499,26,Male,111598,13,10,233,50,401,Fashion,3,3.2,0,East
C500,29,Male,122386,34,19,193,62,644,Electronics,2,1.5,0,West
C501,70,Female,66486,86,41,51,43,566,Fashion,0,2.3,0,West
C502,18,Male,40567,53,23,214,18,350,Fashion,0,4.7,0,North
C503,18,Male,49739,87,37,151,27,419,Sports,0,2.6,1,North
C504,64,Female,77804,51,18,275,163,482,Food,9,4.0,1,North
C505,51,Female,128821,3,9,338,53,488,Fashion,3,1.5,1,North
C506,49,Male,23754,42,25,76,206,254,Beauty,8,2.0,0,West
C507,65,Male,47044,98,43,220,393,531,Fashion,9,4.2,0,East
C508,42,Male,87260,32,13,348,87,417,Beauty,5,4.1,1,East
C509,57,Female,86912,51,28,187,169,557,Beauty,5,2.5,0,North
C510,62,Male,145623,85,33,289,28,843,Electronics,0,4.8,0,South
C511,70,Female,28706,46,20,28,202,277,Fashion,9,4.6,0,West
C512,18,Female,28894,21,17,180,20,113,Fashion,0,4.8,1,East
C513,33,Male,38037,44,17,253,27,295,Food,1,2.7,0,North
C514,56,Female,103986,11,7,126,93,415,Fashion,10,1.8,0,South
C515,22,Female,101942,68,32,177,58,635,Beauty,1,3.5,0,South
C516,39,Male,71612,1,4,37,14,362,Sports,2,3.7,0,North
C517,46,Female,49725,92,36,99,125,489,Electronics,3,1.5,0,West
C518,20,Female,25926,63,30,98,79,247,Electronics,2,4.1,0,East
C519,29,Female,124555,24,8,127,50,601,Food,4,1.1,1,South
C520,43,Female,29496,99,46,168,374,435,Electronics,8,2.9,0,East
C521,33,Female,76447,13,11,80,57,447,Sports,3,2.3,0,East
C522,68,Female,121604,98,40,294,419,793,Fashion,10,4.0,0,South
C523,54,Female,49806,11,2,333,26,202,Fashion,8,2.3,1,North
C524,39,Female,108199,100,45,126,474,771,Electronics,10,4.3,0,South
C525,46,Female,61321,51,24,343,224,391,Sports,9,3.4,1,South
C526,31,Female,142041,17,14,310,49,623,Electronics,2,4.2,1,West
C527,45,Male,122031,99,49,150,367,738,Sports,7,5.0,0,East
C528,22,Male,85095,82,34,16,108,580,Fashion,3,3.7,0,North
C529,64,Male,42656,86,41,28,41,430,Sports,0,4.9,0,East
C530,66,Male,75147,24,19,173,215,366,Food,10,1.1,0,South
C531,47,Male,111396,19,9,46,79,473,Electronics,8,2.4,1,North
C532,63,Female,69666,37,18,328,168,404,Sports,8,1.4,1,North
C533,69,Male,102368,85,36,236,325,618,Electronics,9,2.0,0,North
C534,22,Female,58787,8,8,214,35,201,Fashion,1,4.4,1,North
C535,29,Male,133767,28,19,85,75,654,Electronics,3,1.1,1,West
C536,33,Female,82946,5,12,282,108,377,Sports,7,3.1,1,North
C537,43,Female,41727,17,9,232,82,152,Beauty,6,3.3,0,South
C538,43,Male,128351,36,24,85,37,529,Food,0,3.2,0,West
C539,65,Female,115081,19,9,65,56,466,Fashion,4,2.9,0,South
C540,38,Male,142721,64,31,134,198,756,Sports,6,4.2,0,South
C541,56,Female,130058,91,44,151,148,850,Electronics,3,1.5,0,East
C542,53,Male,88056,98,38,115,29,638,Beauty,0,2.2,0,North
C543,50,Female,23081,11,2,64,43,86,Electronics,8,3.5,0,North
C544,47,Male,54196,54,26,343,114,386,Beauty,4,3.8,1,South
C545,54,Female,56735,45,27,363,284,356,Sports,10,2.6,1,North
C546,40,Female,124749,47,18,352,43,570,Sports,1,4.5,1,West
C547,27,Male,100102,12,12,158,104,367,Food,7,2.7,0,East
C548,22,Male,99578,21,17,77,44,393,Fashion,2,2.6,0,North
C549,53,Male,45498,11,13,146,23,338,Food,1,1.1,1,North
C550,51,Male,96865,92,45,343,116,706,Electronics,2,3.2,0,West
C551,69,Female,51656,5,6,225,79,191,Food,9,3.8,0,East
C552,48,Male,87695,81,39,313,30,649,Food,0,1.5,1,West
C553,27,Male,57900,56,32,103,55,371,Beauty,1,2.2,0,South
C554,36,Male,148392,20,16,347,98,707,Fashion,6,4.1,1,South
C555,49,Female,137235,41,21,301,214,675,Electronics,9,2.5,0,North
C556,18,Male,104899,46,28,88,34,524,Fashion,0,2.0,1,East
C557,22,Male,67701,12,14,303,22,340,Food,1,3.7,1,South
C558,62,Male,128777,70,31,168,178,731,Electronics,5,1.8,0,West
C559,21,Male,39033,17,15,170,59,227,Fashion,2,4.6,0,South
C560,33,Female,143193,19,14,135,35,640,Sports,2,1.4,1,South
C561,41,Male,30805,26,16,50,56,211,Food,3,3.8,0,West
C562,33,Male,55851,48,23,340,231,407,Fashion,10,3.0,0,North
C563,19,Female,46832,52,27,347,34,472,Fashion,0,4.5,0,East
C564,66,Female,83437,96,40,134,282,684,Sports,7,1.5,0,North
C565,45,Male,135725,70,33,347,84,763,Fashion,2,3.7,0,West
C566,49,Female,33944,55,21,137,204,285,Sports,9,3.3,0,South
C567,44,Female,39873,100,44,245,221,449,Electronics,5,2.9,0,East
C568,37,Male,60372,75,31,109,20,403,Beauty,0,3.0,1,North
C569,41,Female,109464,33,19,313,116,570,Fashion,6,3.9,0,West
C570,29,Female,35379,62,33,287,251,276,Fashion,7,4.8,0,South
C571,67,Male,137322,88,33,21,333,794,Food,10,1.4,0,South
C572,52,Male,56751,23,13,90,110,329,Food,7,1.1,0,North
C573,50,Male,120082,15,9,296,36,513,Electronics,2,4.2,1,West
C574,50,Female,109822,27,15,112,164,495,Sports,9,1.4,0,South
C575,68,Female,25110,75,32,301,38,265,Fashion,0,4.9,0,South
C576,60,Female,74341,64,23,77,202,549,Beauty,8,3.5,0,East
C577,54,Male,32087,81,30,177,164,329,Sports,5,3.6,0,South
C578,29,Female,43762,51,26,343,284,298,Fashion,10,1.8,1,North
C579,20,Female,135812,53,28,148,22,612,Sports,0,2.0,1,West
C580,18,Male,102617,78,34,101,46,643,Fashion,0,3.6,0,West
C581,50,Male,120483,91,43,246,270,738,Electronics,6,4.6,0,East
C582,57,Female,29596,82,34,117,38,373,Beauty,0,4.9,0,West
C583,27,Male,123555,92,34,92,27,711,Food,0,1.8,0,North
C584,60,Female,127539,51,23,28,138,699,Fashion,5,1.5,1,South
C585,61,Male,38313,47,21,25,104,202,Fashion,4,1.2,0,East
C586,46,Male,133175,4,1,58,25,540,Fashion,8,4.5,0,West
C587,30,Male,86549,7,12,297,23,372,Beauty,1,2.2,1,East
C588,29,Male,134914,35,19,134,135,647,Electronics,7,1.0,1,East
C589,48,Female,43705,48,17,331,196,326,Fashion,10,1.9,1,West
C590,63,Male,87364,73,27,249,134,607,Fashion,4,2.4,1,East
C591,19,Female,93445,72,31,38,35,656,Fashion,1,5.0,0,West
C592,68,Female,123892,45,25,75,226,622,Fashion,9,3.1,1,North
C593,67,Female,98645,81,42,142,435,589,Electronics,10,1.8,0,West
C594,52,Male,22023,81,30,322,313,359,Electronics,10,2.3,0,South
C595,40,Female,139654,97,41,168,213,835,Fashion,5,2.3,1,West
C596,34,Female,79796,96,36,259,349,670,Beauty,9,1.1,1,South
C597,43,Male,100073,72,38,355,270,586,Electronics,7,1.5,1,East
C598,25,Male,112197,19,10,225,40,462,Sports,3,3.8,0,West
C599,46,Female,84429,63,25,152,44,533,Sports,1,1.5,1,South
C600,43,Female,124195,38,20,19,218,523,Sports,10,1.9,0,West
C601,27,Male,81627,67,36,146,149,504,Beauty,4,2.4,0,West
C602,43,Female,53848,59,26,241,45,375,Fashion,1,4.0,1,West
C603,51,Female,57804,69,37,344,63,449,Electronics,1,3.3,1,North
C604,68,Female,35379,13,13,237,88,130,Fashion,5,3.8,0,South
C605,58,Female,79664,47,28,35,307,415,Fashion,10,3.3,0,North
C606,24,Female,47766,61,22,190,44,431,Sports,1,3.7,0,North
C607,21,Male,129126,31,14,1,23,608,Food,0,1.0,1,South
C608,70,Male,88099,80,37,153,112,635,Beauty,3,4.7,0,West
C609,67,Male,56060,96,38,126,202,485,Electronics,5,1.4,1,North
C610,62,Female,114733,22,17,345,126,522,Beauty,6,2.6,1,North
C611,28,Female,89122,93,40,226,402,646,Fashion,10,4.1,0,North
C612,46,Male,36087,86,36,221,201,489,Fashion,5,2.7,0,West
C613,53,Female,68868,43,20,211,165,393,Fashion,7,4.8,0,North
C614,42,Female,139119,67,33,25,107,749,Sports,3,2.9,0,East
C615,38,Female,43225,54,19,16,27,389,Fashion,0,4.5,0,South
C616,53,Male,115286,10,8,182,73,472,Beauty,6,4.2,0,East
C617,27,Female,26643,42,22,329,60,246,Beauty,2,4.9,0,West
C618,54,Male,113059,64,24,129,125,694,Beauty,5,4.7,0,North
C619,26,Male,56727,21,15,42,41,261,Electronics,1,4.6,0,South
C620,41,Male,31005,80,34,336,294,381,Beauty,8,3.9,0,North
C621,52,Male,129079,76,37,236,31,831,Sports,0,2.5,1,West
C622,66,Male,85697,66,27,360,154,586,Electronics,5,1.4,1,South
C623,52,Female,36029,41,19,34,124,281,Electronics,5,3.8,0,East
C624,65,Male,135281,24,12,345,51,601,Electronics,4,4.9,0,South
C625,53,Female,34226,35,22,45,114,211,Electronics,4,3.9,0,North
C626,35,Male,83646,56,21,134,18,453,Fashion,0,4.7,0,South
C627,66,Female,80603,30,11,21,126,487,Beauty,9,4.2,0,West
C628,56,Female,48731,57,23,122,118,431,Fashion,4,1.7,0,West
C629,49,Male,129458,94,35,70,61,766,Fashion,1,2.0,0,South
C630,41,Male,130384,47,24,352,156,679,Beauty,6,2.4,0,West
C631,40,Male,88926,35,24,361,50,466,Fashion,2,1.7,1,West
C632,49,Female,25997,19,11,48,44,220,Beauty,3,3.3,0,West
C633,54,Female,75506,8,12,39,36,345,Fashion,2,4.9,0,East
C634,29,Male,98229,26,14,287,56,469,Food,2,4.0,1,North
C635,66,Female,69815,71,28,10,102,465,Fashion,3,2.7,0,West
C636,30,Male,62092,30,20,30,93,355,Food,4,1.0,0,South
C637,40,Male,82539,7,11,244,10,333,Electronics,0,2.3,1,West
C638,42,Female,86077,67,26,274,100,556,Sports,3,3.1,1,East
C639,52,Male,41817,65,24,88,252,358,Fashion,10,2.3,0,South
C640,58,Female,57861,36,14,244,100,320,Beauty,7,1.4,1,North
C641,47,Male,33428,25,10,329,95,160,Fashion,9,2.8,0,South
C642,34,Female,63934,37,15,15,97,392,Electronics,6,2.0,0,South
C643,66,Male,135555,1,1,4,34,547,Food,8,4.6,0,South
C644,37,Male,134367,15,6,191,50,671,Electronics,4,1.4,1,South
C645,65,Female,30258,37,21,168,213,180,Sports,9,1.2,0,West
C646,42,Male,77775,13,14,9,54,381,Beauty,3,1.0,0,North
C647,39,Female,101580,8,8,109,72,426,Sports,7,2.3,0,West
C648,30,Female,114947,5,7,137,79,579,Electronics,8,3.6,1,East
C649,36,Female,25469,60,34,154,212,309,Food,6,3.9,0,East
C650,66,Female,48854,73,39,209,262,430,Food,6,2.8,0,South
C651,53,Female,26256,1,1,272,13,104,Sports,4,3.7,1,West
C652,29,Female,144086,36,18,143,69,649,Electronics,3,2.4,0,West
C653,58,Female,96256,35,22,99,203,505,Fashion,9,3.7,0,North
C654,36,Female,53937,66,25,308,25,344,Fashion,0,1.2,1,North
C655,29,Male,119134,63,23,69,212,598,Electronics,9,2.6,0,North
C656,26,Male,21651,23,9,247,65,206,Fashion,6,4.2,1,West
C657,24,Female,70288,9,4,261,12,220,Fashion,0,4.2,1,North
C658,45,Male,104730,34,23,276,31,504,Sports,0,3.9,1,North
C659,31,Female,45051,46,21,79,97,265,Beauty,4,1.8,1,North
C660,48,Male,47386,78,38,146,313,403,Food,8,2.0,0,South
C661,69,Male,95054,4,3,111,36,401,Fashion,5,5.0,0,East
C662,36,Female,131562,30,13,258,40,665,Fashion,2,1.4,1,East
C663,64,Female,36184,95,43,93,104,490,Beauty,2,1.7,0,West
C664,33,Male,53787,75,38,13,243,394,Beauty,6,1.5,1,West
C665,70,Female,41621,99,48,260,250,440,Beauty,5,2.3,0,South
C666,22,Female,95564,72,29,109,38,800,Sports,0,1.8,0,East
C667,52,Male,97984,3,11,330,62,388,Fashion,5,3.0,1,North
C668,29,Female,79792,14,12,189,56,317,Sports,4,2.9,0,North
C669,42,Male,65253,60,33,95,325,405,Fashion,9,4.6,0,West
C670,69,Male,54051,77,40,105,243,434,Fashion,6,1.1,0,East
C671,38,Female,69811,45,17,8,23,394,Sports,0,2.3,0,West
C672,53,Male,50447,96,38,67,244,478,Electronics,6,3.4,0,West
C673,70,Female,148046,34,16,191,36,693,Electronics,2,3.4,0,North
C674,40,Female,103930,45,23,256,205,549,Fashion,8,2.9,1,North
C675,33,Male,143278,61,29,9,151,708,Fashion,5,4.3,0,East
C676,56,Female,120037,83,41,117,329,747,Beauty,8,1.3,0,West
C677,62,Female,50254,16,12,267,52,255,Electronics,4,4.3,1,South
C678,70,Male,104045,66,30,99,191,639,Electronics,6,3.0,0,East
C679,59,Female,136859,40,26,298,90,581,Electronics,3,1.5,1,West
C680,56,Female,77418,17,5,164,56,368,Electronics,6,4.5,0,East
C681,31,Female,134534,34,18,141,38,540,Electronics,0,3.6,1,East
C682,48,Female,34472,16,10,268,65,177,Food,6,1.7,0,East
C683,22,Male,131193,60,29,37,139,737,Fashion,4,1.1,0,South
C684,52,Female,23471,66,35,74,64,344,Sports,1,1.6,0,South
C685,40,Female,127332,66,26,73,125,724,Beauty,4,3.4,1,North
C686,46,Female,140312,90,40,308,216,865,Food,5,1.7,0,North
C687,60,Female,143379,13,12,199,25,597,Electronics,1,1.9,1,West
C688,28,Female,115804,56,32,130,173,605,Electronics,5,1.1,1,East
C689,35,Female,28329,31,18,246,107,340,Beauty,5,3.9,1,West
C690,64,Female,54865,34,13,312,33,362,Fashion,0,4.2,0,North
C691,29,Female,66850,39,22,60,18,325,Sports,0,4.2,0,South
C692,26,Female,74220,67,29,279,66,411,Beauty,2,1.5,1,North
C693,27,Female,132234,8,2,103,31,529,Beauty,9,4.6,0,West
C694,61,Female,113808,87,33,296,320,775,Beauty,9,3.7,0,North
C695,34,Male,128381,78,33,320,93,749,Food,2,4.6,0,West
C696,55,Male,26397,55,24,341,88,159,Fashion,3,2.8,0,West
C697,24,Male,117909,27,20,151,49,543,Beauty,1,2.7,1,West
C698,63,Female,149004,93,41,157,332,874,Fashion,8,4.1,0,West
C699,30,Female,55525,53,30,206,278,260,Electronics,9,1.4,1,North
C700,57,Female,73072,39,14,179,156,410,Food,10,3.1,0,West
C701,59,Male,110106,65,34,197,225,584,Food,6,4.3,0,West
C702,26,Female,103820,17,16,223,106,374,Beauty,6,4.3,0,East
C703,67,Male,104530,30,16,89,105,588,Food,5,4.8,0,West
C704,44,Male,43284,53,23,287,58,279,Fashion,2,3.8,0,North
C705,19,Female,81330,13,8,276,20,330,Beauty,1,1.8,1,West
C706,22,Female,103369,21,13,236,65,442,Sports,3,1.1,1,South
C707,46,Male,45122,19,14,183,103,237,Food,7,2.9,1,South
C708,54,Male,90553,53,31,209,233,609,Fashion,7,3.1,0,West
C709,55,Male,101906,19,16,130,161,404,Fashion,10,2.0,0,South
C710,36,Male,114788,57,23,153,212,614,Food,8,1.5,0,South
C711,25,Female,82812,25,20,13,129,412,Electronics,6,3.3,0,North
C712,65,Male,27999,86,38,122,31,326,Fashion,0,4.1,0,East
C713,62,Female,42436,31,15,359,12,246,Sports,0,5.0,1,South
C714,18,Female,62963,81,39,220,41,524,Fashion,0,4.0,1,South
C715,39,Male,22096,55,21,106,62,215,Fashion,2,4.2,0,East
C716,69,Male,149940,23,14,70,50,651,Electronics,2,3.5,0,East
C717,34,Male,133737,32,19,195,199,609,Fashion,9,4.9,0,South
C718,24,Male,45279,62,30,186,204,361,Sports,6,3.6,0,West
C719,42,Male,141092,74,31,99,282,798,Fashion,9,4.4,0,South
C720,62,Female,128899,10,11,82,10,574,Electronics,0,4.8,0,West
C721,21,Male,134245,100,41,75,22,933,Food,0,4.7,0,West
C722,53,Female,46201,72,31,340,45,267,Beauty,1,2.5,1,West
C723,23,Male,39715,54,26,192,28,312,Food,1,1.3,0,East
C724,48,Female,49309,52,28,325,69,285,Electronics,2,1.7,0,South
C725,36,Female,35078,20,8,214,47,181,Fashion,5,1.2,1,South
C726,61,Female,76614,32,19,315,19,446,Beauty,0,1.4,1,North
C727,56,Female,25105,14,13,318,26,202,Electronics,1,1.7,1,East
C728,44,Female,137666,50,28,144,30,762,Food,0,2.4,0,North
C729,27,Female,114848,28,9,216,62,605,Fashion,4,3.2,1,North
C730,43,Female,22839,53,22,361,146,241,Electronics,6,3.8,0,West
C731,36,Female,88920,24,10,324,81,497,Sports,7,1.8,1,East
C732,56,Male,63619,79,29,15,271,571,Sports,9,3.7,0,North
C733,20,Male,62821,22,14,217,13,324,Food,0,3.8,1,South
C734,62,Female,145736,30,12,35,76,731,Electronics,6,3.2,0,North
C735,30,Female,33493,63,27,183,129,325,Electronics,4,4.6,0,East
C736,67,Female,37069,4,4,270,37,230,Food,9,1.4,1,South
C737,45,Female,132443,77,35,358,24,752,Food,0,1.7,1,South
C738,37,Female,27531,59,26,100,76,256,Electronics,2,2.7,1,South
C739,45,Male,57051,87,34,7,213,433,Electronics,6,1.5,0,West
C740,25,Male,27736,8,6,30,14,126,Electronics,1,3.3,0,South
C741,58,Male,27710,82,30,305,20,361,Beauty,0,2.6,1,West
C742,56,Male,87155,12,5,144,49,337,Sports,6,2.1,1,West
C743,18,Female,33975,31,15,111,17,216,Beauty,0,1.7,0,North
C744,20,Male,82424,78,35,232,28,537,Electronics,0,2.3,1,North
C745,30,Female,65603,34,21,179,35,310,Beauty,0,3.4,1,South
C746,45,Male,43252,82,42,72,36,470,Electronics,0,3.3,0,East
C747,66,Female,100797,98,47,210,29,757,Fashion,0,1.7,1,South
C748,42,Female,21431,75,37,220,385,362,Sports,10,1.5,1,North
C749,50,Male,94603,76,30,80,245,602,Fashion,8,1.1,0,South
C750,55,Female,57481,49,25,83,279,375,Fashion,10,1.0,0,North
C751,70,Male,112573,79,40,42,99,634,Electronics,2,4.5,0,South
C752,23,Male,29557,57,31,273,146,309,Electronics,4,1.2,1,East
C753,61,Male,94971,95,42,191,187,673,Food,4,3.9,0,South
C754,62,Male,123302,93,35,173,360,914,Food,10,4.5,0,East
C755,49,Male,20162,26,9,7,93,213,Sports,9,1.4,0,East
C756,62,Female,54742,18,5,155,62,288,Food,8,2.7,0,South
C757,64,Female,39675,96,46,10,234,444,Food,5,4.8,0,East
C758,38,Female,93997,86,40,34,338,684,Electronics,8,4.3,0,East
C759,33,Male,37015,38,21,36,163,216,Electronics,7,3.0,0,North
C760,38,Female,70057,81,36,6,260,580,Beauty,7,4.1,0,North
C761,28,Male,52591,87,41,215,24,417,Electronics,0,4.3,0,East
C762,54,Male,113583,88,35,134,305,690,Food,8,2.4,0,West
C763,53,Female,146133,50,30,285,173,642,Electronics,5,4.6,0,South
C764,52,Male,120318,8,5,126,52,535,Sports,8,2.9,0,East
C765,36,Female,29833,41,17,337,36,254,Sports,2,3.1,0,South
C766,37,Female,27896,6,6,174,16,101,Electronics,2,5.0,0,North
C767,35,Male,52972,69,33,152,170,372,Fashion,5,4.4,0,South
C768,64,Male,69733,44,26,331,211,479,Food,8,2.4,1,East
C769,58,Male,140363,64,24,26,153,746,Fashion,6,1.0,0,East
C770,66,Female,61800,29,21,115,71,295,Electronics,2,3.5,0,East
C771,31,Male,116044,28,16,284,53,644,Sports,2,3.8,1,East
C772,32,Male,25347,11,10,75,28,101,Electronics,1,3.6,0,West
C773,48,Male,79063,65,33,166,275,568,Beauty,8,4.9,0,West
C774,18,Female,115850,19,14,189,10,462,Fashion,0,4.5,0,West
C775,70,Male,22643,9,9,78,43,99,Electronics,2,2.8,0,East
C776,20,Male,60785,27,17,90,57,349,Food,2,1.3,0,West
C777,33,Female,38681,34,17,176,70,253,Fashion,4,2.9,0,South
C778,40,Female,70026,44,23,21,193,424,Fashion,8,3.8,0,East
C779,28,Male,123864,68,33,54,245,672,Fashion,7,3.4,0,North
C780,29,Male,35892,100,40,184,44,363,Fashion,1,3.2,0,East
C781,27,Male,67299,82,33,359,95,588,Fashion,2,2.9,1,South
C782,49,Female,37073,15,5,222,14,169,Electronics,1,2.2,1,West
C783,33,Male,122304,51,27,315,202,656,Fashion,7,2.1,1,East
C784,25,Female,50682,13,5,328,43,276,Fashion,5,3.0,0,West
C785,55,Female,117798,83,41,179,220,735,Food,5,1.6,0,East
C786,29,Female,146021,49,27,276,244,695,Food,8,2.4,1,South
C787,41,Male,116894,70,30,112,220,735,Fashion,7,2.3,0,East
C788,45,Female,144302,56,24,224,88,770,Sports,3,3.3,1,West
C789,70,Female,34289,76,33,214,111,375,Sports,3,1.3,0,West
C790,25,Female,135359,51,30,59,35,703,Food,0,4.3,0,South
C791,45,Male,27927,37,18,327,14,306,Food,0,3.2,1,East
C792,53,Female,68330,17,10,109,12,287,Fashion,1,3.7,1,North
C793,43,Male,86707,58,21,157,31,541,Beauty,1,3.8,0,East
C794,25,Male,140279,87,33,191,133,795,Electronics,4,2.2,0,South
C795,67,Male,97454,90,45,200,232,563,Fashion,5,2.9,0,North
C796,45,Female,127439,29,17,312,77,498,Sports,3,4.8,0,South
C797,45,Male,124646,33,20,196,217,546,Electronics,10,4.1,0,East
C798,54,Male,85428,60,23,35,223,488,Electronics,9,4.9,0,North
C799,58,Male,70601,91,39,246,105,664,Food,2,4.0,0,South
C800,53,Male,97465,89,43,237,113,691,Food,2,1.7,1,West
C801,44,Female,22539,55,30,104,84,294,Sports,2,1.3,0,North
C802,34,Female,122263,10,2,7,13,487,Sports,5,3.3,0,North
C803,26,Male,131487,47,18,283,140,670,Electronics,7,2.4,1,South
C804,50,Male,42669,23,8,1,90,354,Electronics,10,2.1,0,West
C805,70,Female,90968,85,34,219,226,558,Food,6,4.2,0,North
C806,37,Male,40644,21,10,230,37,248,Fashion,3,2.5,1,South
C807,30,Male,38745,13,13,172,156,274,Food,10,2.3,0,North
C808,45,Female,140852,33,20,87,77,710,Electronics,3,4.4,0,North
C809,65,Female,148081,24,12,41,126,754,Fashion,10,4.4,0,North
C810,46,Male,48228,11,10,123,113,236,Fashion,9,2.4,0,West
C811,30,Female,138358,17,15,331,172,634,Food,10,4.3,0,East
C812,63,Male,54521,68,35,298,354,427,Fashion,10,4.4,0,East
C813,52,Female,142788,47,25,178,267,738,Fashion,10,2.7,0,West
C814,23,Male,117239,25,19,63,46,498,Fashion,1,1.3,0,West
C815,35,Male,46928,94,46,165,32,509,Electronics,0,1.0,0,South
C816,68,Male,38322,73,39,187,316,387,Electronics,8,3.1,0,North
C817,22,Female,77714,21,9,209,34,376,Fashion,3,2.4,0,West
C818,64,Female,107896,84,37,227,60,770,Fashion,1,5.0,0,South
C819,42,Male,82292,83,36,48,254,564,Fashion,7,4.1,0,East
C820,19,Male,49055,83,32,224,33,505,Fashion,0,4.0,0,East
C821,27,Female,62891,12,11,3,112,352,Food,8,4.8,0,East
C822,47,Male,101912,37,22,175,74,561,Beauty,3,4.6,0,East
C823,67,Male,26588,42,24,99,191,184,Fashion,7,2.3,0,South
C824,62,Female,110536,17,14,116,127,511,Electronics,8,1.7,0,North
C825,22,Male,26304,48,24,270,39,347,Electronics,1,4.0,1,South
C826,50,Female,27345,28,15,253,143,102,Food,9,2.5,1,North
C827,18,Female,49300,41,20,317,26,310,Fashion,0,2.9,1,East
C828,35,Male,44259,99,44,95,195,532,Electronics,4,3.5,0,West
C829,49,Male,111006,47,27,273,173,579,Food,6,4.6,0,West
C830,64,Male,108553,18,16,24,146,528,Electronics,9,2.7,1,West
C831,66,Female,35352,78,41,116,146,445,Food,3,4.1,0,North
C832,28,Female,149350,99,47,151,47,906,Fashion,0,2.1,1,East
C833,38,Female,53365,71,26,338,69,451,Sports,2,3.8,1,South
C834,43,Male,39446,13,15,50,88,201,Electronics,4,1.0,1,West
C835,42,Female,22336,82,30,206,86,350,Beauty,2,4.5,0,North
C836,39,Female,82032,13,10,335,116,472,Sports,10,1.1,1,West
C837,44,Female,95415,100,41,79,271,678,Electronics,6,3.9,0,South
C838,66,Female,117852,31,14,70,127,546,Electronics,8,1.2,0,East
C839,30,Female,118876,2,5,27,38,533,Fashion,5,2.1,0,South
C840,50,Female,27521,16,8,271,87,115,Sports,9,3.0,0,East
C841,51,Female,91707,9,10,50,32,363,Sports,0,2.7,0,East
C842,58,Male,43481,73,30,292,184,362,Fashion,6,1.8,0,East
C843,52,Male,38474,38,24,247,64,255,Beauty,2,2.3,0,West
C844,18,Female,66760,75,33,264,28,481,Electronics,0,3.9,0,South
C845,38,Male,75718,54,31,79,128,499,Electronics,4,3.7,0,West
C846,65,Female,64629,56,31,190,282,409,Beauty,9,1.3,0,South
C847,23,Female,65232,86,36,47,130,555,Sports,3,4.0,0,North
C848,45,Female,106544,97,42,361,395,760,Fashion,9,1.2,0,North
C849,34,Male,87169,100,47,354,210,616,Sports,4,3.2,0,South
C850,22,Male,147941,87,38,352,170,894,Beauty,4,2.0,0,South
C851,48,Male,70669,45,28,189,165,464,Sports,5,3.4,0,South
C852,22,Female,98021,34,14,256,32,406,Sports,1,2.0,1,South
C853,55,Female,129153,9,12,222,131,558,Sports,9,4.9,0,East
C854,20,Female,89184,88,45,241,50,595,Electronics,0,2.2,0,West
C855,70,Male,67945,8,5,269,67,360,Sports,10,2.0,1,East
C856,40,Female,33140,7,12,1,72,127,Electronics,5,2.1,0,West
C857,54,Female,146468,36,14,34,121,626,Beauty,7,4.6,0,West
C858,70,Male,103457,18,8,79,77,466,Fashion,7,3.5,0,West
C859,54,Female,34357,3,2,236,44,101,Food,10,3.9,0,East
C860,27,Male,131672,28,11,334,92,653,Fashion,8,4.7,0,South
C861,27,Male,88673,70,38,349,278,524,Electronics,7,4.6,0,East
C862,36,Female,141673,44,24,98,266,697,Fashion,10,4.0,0,East
C863,34,Male,85633,21,10,82,33,482,Beauty,1,1.8,1,West
C864,38,Female,96943,28,13,192,139,526,Beauty,9,4.4,0,North
C865,31,Female,116111,54,29,253,311,650,Fashion,10,1.8,1,North
C866,26,Female,98258,54,25,38,32,548,Beauty,0,4.0,0,East
C867,63,Male,32924,65,27,14,258,345,Sports,9,3.7,0,West
C868,18,Female,89286,100,50,347,48,691,Food,0,4.0,0,East
C869,68,Female,113269,21,9,310,37,466,Electronics,1,3.1,1,East
C870,62,Female,147563,99,45,209,61,929,Beauty,1,3.6,0,South
C871,30,Male,94071,13,8,357,21,360,Food,2,4.8,1,West
C872,21,Male,77326,57,23,89,44,508,Beauty,1,1.4,1,North
C873,18,Female,110023,49,18,56,24,531,Sports,0,2.2,0,North
C874,66,Male,140101,54,24,94,161,820,Sports,6,3.4,0,North
C875,57,Female,50651,10,3,93,21,270,Food,1,4.9,0,East
C876,49,Female,90202,53,23,340,16,442,Fashion,0,1.4,1,West
C877,51,Female,68777,44,20,85,113,407,Fashion,5,1.1,1,South
C878,45,Female,36994,47,19,245,171,262,Fashion,8,1.2,1,North
C879,48,Female,87263,53,31,22,75,476,Electronics,2,1.2,0,West
C880,25,Female,79634,74,29,291,163,547,Food,5,4.6,0,North
C881,56,Female,120158,46,22,272,58,572,Food,2,3.9,0,South
C882,43,Female,30800,13,4,306,6,200,Beauty,0,3.7,1,West
C883,51,Male,57823,37,24,122,100,377,Electronics,4,3.1,0,East
C884,20,Male,128575,24,17,128,37,603,Fashion,1,4.1,0,East
C885,67,Female,83878,2,3,113,50,340,Electronics,10,1.6,0,North
C886,29,Male,38708,86,44,273,151,445,Electronics,3,2.6,1,North
C887,18,Male,32819,81,33,336,29,413,Electronics,0,3.0,0,West
C888,61,Male,94905,100,43,130,270,702,Sports,6,1.4,0,South
C889,22,Female,83870,14,6,132,13,311,Electronics,1,2.7,0,North
C890,47,Female,29283,10,5,85,55,107,Sports,6,2.3,1,West
C891,47,Female,50573,35,15,350,72,293,Electronics,4,1.1,1,South
C892,34,Female,98707,25,16,81,69,396,Beauty,3,1.5,0,North
C893,65,Female,50933,3,5,325,34,223,Sports,6,4.1,1,North
C894,64,Male,25774,17,6,69,63,224,Beauty,6,1.1,0,West
C895,40,Female,92055,12,4,148,22,466,Beauty,5,4.7,0,North
C896,32,Male,30983,54,24,16,170,322,Beauty,7,1.3,0,East
C897,54,Female,116468,24,12,307,41,574,Beauty,3,4.2,1,South
C898,38,Female,116334,29,12,105,131,663,Food,9,4.6,0,South
C899,31,Male,38133,43,23,165,102,323,Electronics,4,4.8,0,East
C900,19,Male,145555,25,11,201,21,703,Fashion,1,4.5,1,West
C901,28,Male,34939,100,46,197,32,367,Electronics,0,2.2,0,East
C902,68,Male,20781,60,25,185,188,329,Food,7,2.3,0,East
C903,56,Male,134586,90,35,322,24,828,Fashion,0,2.7,1,South
C904,55,Female,76700,65,25,265,105,497,Beauty,4,1.6,1,West
C905,51,Female,47624,84,35,363,201,426,Beauty,5,1.1,1,North
C906,55,Female,26823,28,12,100,70,163,Fashion,5,4.5,0,East
C907,67,Female,38489,16,10,342,50,264,Fashion,4,3.2,1,East
C908,51,Female,138555,47,26,320,58,693,Beauty,2,3.4,0,West
C909,35,Female,59961,81,34,214,163,457,Fashion,4,4.7,1,East
C910,47,Male,139664,92,39,278,301,796,Sports,7,3.7,0,West
C911,32,Female,49118,58,30,162,49,379,Electronics,1,3.8,1,North
C912,44,Male,120417,76,31,157,176,691,Food,5,4.1,0,West
C913,68,Female,101816,27,20,251,168,458,Fashion,8,1.5,1,North
C914,51,Female,42263,53,30,97,211,258,Beauty,7,2.4,0,West
C915,69,Female,33565,42,15,18,178,308,Food,10,4.9,0,East
C916,55,Male,40354,59,33,327,248,331,Electronics,7,4.7,0,North
C917,50,Female,62951,47,25,97,182,338,Electronics,7,4.5,0,East
C918,41,Female,111179,94,43,1,272,713,Fashion,6,2.8,0,North
C919,32,Male,43648,34,20,216,161,304,Beauty,7,4.4,0,West
C920,47,Male,70729,37,18,132,111,395,Sports,5,1.2,1,West
C921,59,Female,61971,6,3,260,20,275,Fashion,1,1.6,1,West
C922,68,Male,38658,7,2,125,11,177,Fashion,1,2.7,0,South
C923,34,Female,41253,96,45,82,332,389,Fashion,7,2.9,0,South
C924,22,Male,84166,96,38,283,81,672,Sports,2,2.1,0,North
C925,46,Male,68563,25,16,171,34,263,Sports,0,2.4,1,South
C926,21,Female,46390,33,15,59,40,307,Fashion,1,1.7,0,West
C927,27,Male,108664,55,32,32,180,630,Sports,5,3.0,0,South
C928,34,Female,71578,58,23,161,259,449,Food,10,4.2,1,South
C929,27,Male,99025,7,4,284,20,434,Beauty,3,3.6,0,East
C930,34,Male,123850,57,21,106,216,652,Beauty,10,1.4,0,North
C931,37,Female,52658,12,12,105,131,264,Sports,10,3.0,0,North
C932,41,Female,26852,16,7,228,82,205,Sports,9,3.8,0,North
C933,22,Female,147282,80,39,188,82,789,Fashion,2,3.1,1,South
C934,51,Female,114986,43,16,70,178,622,Sports,10,2.6,0,West
C935,23,Female,22551,100,39,318,79,474,Fashion,2,3.5,0,East
C936,70,Male,91947,77,39,290,32,612,Fashion,0,4.9,0,North
C937,19,Male,81001,7,7,87,17,319,Fashion,0,1.4,0,South
C938,30,Female,69159,100,38,362,138,689,Sports,3,2.6,1,West
C939,60,Female,142775,51,24,56,241,728,Electronics,10,2.6,0,East
C940,60,Female,71707,73,31,113,339,517,Fashion,10,3.3,0,East
C941,65,Male,53243,32,20,13,91,321,Fashion,4,1.6,0,North
C942,28,Male,41800,75,35,18,87,414,Electronics,2,1.7,0,North
C943,68,Female,95939,8,1,182,9,390,Electronics,5,2.1,0,West
C944,64,Female,77828,97,46,113,486,611,Sports,10,4.8,0,South
C945,40,Female,27239,87,38,229,164,417,Sports,4,3.9,0,West
C946,33,Female,26710,89,37,171,84,355,Fashion,2,3.6,0,North
C947,48,Female,41384,72,29,295,151,360,Beauty,5,4.3,0,West
C948,28,Male,41038,45,22,189,135,284,Sports,5,1.5,1,South
C949,33,Male,60846,86,41,79,288,446,Fashion,7,4.4,0,East
C950,25,Male,107983,59,22,146,29,574,Sports,1,3.4,0,East
C951,21,Male,87821,4,10,182,31,327,Beauty,0,2.3,1,East
C952,57,Female,57991,67,24,286,99,432,Fashion,3,4.3,0,East
C953,21,Male,99057,29,9,250,48,525,Electronics,3,4.2,0,North
C954,42,Female,133193,29,19,354,142,692,Beauty,6,4.4,0,North
C955,20,Male,26971,98,48,314,112,404,Food,2,1.5,0,South
C956,49,Male,49139,98,37,196,394,513,Electronics,10,4.9,0,South
C957,20,Male,105445,28,20,323,34,517,Food,1,4.8,1,South
C958,44,Male,97067,77,32,71,87,514,Fashion,2,2.4,0,South
C959,46,Female,100257,79,38,248,96,580,Beauty,2,1.3,1,West
C960,49,Male,104742,87,38,146,172,718,Fashion,4,1.7,1,South
C961,67,Female,57711,44,16,106,70,405,Fashion,4,5.0,0,East
C962,68,Male,26530,90,43,263,409,417,Food,9,3.3,0,East
C963,36,Male,31116,4,6,296,37,127,Fashion,2,2.4,1,East
C964,38,Male,85794,90,37,70,324,513,Electronics,8,2.2,0,West
C965,22,Female,20282,9,12,193,41,56,Food,3,2.0,0,South
C966,35,Female,99473,5,2,68,28,369,Sports,2,3.7,1,East
C967,45,Male,21898,56,29,305,311,287,Electronics,10,2.7,1,East
C968,59,Male,24135,96,46,52,64,366,Food,1,4.9,0,East
C969,39,Female,26629,84,38,363,357,443,Fashion,9,3.7,0,East
C970,38,Male,129472,50,19,285,196,741,Fashion,10,4.2,0,North
C971,23,Male,145147,75,38,334,44,889,Fashion,0,2.2,1,South
C972,18,Female,105120,15,14,9,36,419,Fashion,0,1.3,0,South
C973,22,Female,139798,32,22,251,85,679,Sports,3,3.0,1,West
C974,58,Male,109087,28,11,332,23,496,Fashion,2,2.3,1,North
C975,29,Female,85031,22,17,298,103,422,Sports,6,1.8,1,West
C976,43,Female,53380,17,6,184,55,224,Electronics,7,4.8,0,East
C977,63,Male,149951,59,30,179,303,838,Beauty,10,2.8,1,West
C978,51,Female,132507,90,44,198,54,760,Food,1,1.7,0,East
C979,66,Female,37071,71,26,128,177,263,Sports,6,1.8,0,East
C980,31,Male,40074,57,25,20,103,432,Fashion,4,2.1,0,South
C981,43,Male,110724,26,9,328,99,543,Fashion,10,5.0,0,South
C982,62,Male,87843,25,8,65,40,372,Electronics,4,2.1,0,South
C983,44,Female,59901,10,3,182,9,261,Beauty,2,2.3,1,South
C984,26,Male,31205,45,27,241,133,230,Fashion,4,3.6,0,South
C985,43,Female,75661,83,36,24,49,551,Food,1,2.2,0,North
C986,64,Female,144661,11,5,83,21,651,Sports,3,1.9,1,South
C987,39,Male,25906,77,33,319,178,366,Fashion,5,1.6,1,West
C988,64,Female,22591,53,30,185,38,262,Sports,0,2.3,0,East
C989,47,Male,145576,72,34,316,326,798,Food,9,1.4,1,South
C990,60,Female,82987,68,37,99,131,589,Sports,3,1.1,0,North
C991,65,Female,83370,95,45,62,237,522,Fashion,5,4.2,0,West
C992,34,Male,100685,28,20,286,173,449,Fashion,8,1.6,1,West
C993,43,Male,130454,75,37,22,372,697,Electronics,10,4.1,0,East
C994,53,Male,125487,65,31,212,331,747,Sports,10,4.2,0,West
C995,18,Male,74400,49,17,126,32,407,Food,0,3.2,0,West
C996,25,Male,45150,47,28,42,135,257,Fashion,4,2.2,0,West
C997,66,Male,51852,52,25,98,41,390,Beauty,1,1.6,0,West
C998,52,Female,62870,88,41,31,433,470,Electronics,10,3.9,0,North
C999,69,Male,139796,54,24,158,150,703,Beauty,6,3.4,0,East
C1000,32,Male,72756,60,31,112,174,590,Beauty,5,3.6,0,South
